size,l2_distance,l1_distance,fill_level,hwp,naive_ms,prefetch_ms,speedup,l1d_misses,l2_misses,l2_refs,l2_miss_rate_pct,llc_misses,instructions
256,32,8,0,off,11.8688,11.2822,1.0520,5881393,80701,12015474,0.67,10472,1022448827
256,32,8,0,on,11.1820,11.2272,0.9960,214636,78273,12094091,0.65,7497,1018359851
256,32,8,1,off,11.2234,11.9128,0.9421,10695642,55815,19906268,0.28,7858,1029555480
256,32,8,1,on,11.1634,11.4780,0.9726,242045,67890,12149229,0.56,5727,1025636023
256,32,8,2,off,11.3594,11.5912,0.9800,10733167,48338,21140315,0.23,6024,1004934645
256,32,8,2,on,11.3170,11.1472,1.0152,243581,78604,12102511,0.65,5573,1007799551
256,32,8,3,off,11.2254,11.2868,0.9946,5727560,50088,12056992,0.42,9216,1017690811
256,32,8,3,on,11.3280,11.2668,1.0054,222360,83022,12162516,0.68,5770,1015780452
256,64,16,0,off,11.2724,11.3508,0.9931,5707185,56233,12032826,0.47,6753,1008020458
256,64,16,0,on,11.4916,11.3388,1.0135,216593,77058,12089172,0.64,3697,1009301647
256,64,16,1,off,11.2280,11.4824,0.9778,10733577,50017,19813711,0.25,6907,1016325645
256,64,16,1,on,11.1636,11.3984,0.9794,244661,71385,12151112,0.59,5938,1013880299
256,64,16,2,off,11.5036,11.3206,1.0162,10725286,77479,20348776,0.38,12197,993620569
256,64,16,2,on,11.1756,11.1714,1.0004,274811,69818,12231941,0.57,3065,991891509
256,64,16,3,off,11.9794,11.4408,1.0471,5655596,67414,12086355,0.56,6937,1006410903
256,64,16,3,on,11.1472,11.2490,0.9910,226957,76833,12118549,0.63,5530,1006504068
256,128,32,0,off,11.8426,11.2072,1.0567,6132130,68663,12051086,0.57,12660,988346467
256,128,32,0,on,11.1894,11.1908,0.9999,232055,77618,12082232,0.64,4345,987084854
256,128,32,1,off,11.2346,11.4660,0.9798,10647181,54018,17271690,0.31,9786,993001714
256,128,32,1,on,11.3084,11.3520,0.9962,388227,71755,15181743,0.47,6334,996505049
256,128,32,2,off,11.2202,11.3076,0.9923,10691815,49629,17269071,0.29,4921,980735116
256,128,32,2,on,11.1536,11.1222,1.0028,352942,71395,15123825,0.47,6104,981440953
256,128,32,3,off,11.2338,11.2578,0.9979,5964450,58057,12081438,0.48,5942,986003999
256,128,32,3,on,11.1466,11.2118,0.9942,229725,79275,12135850,0.65,4512,987918349
256,256,64,0,off,11.2162,11.0578,1.0143,10667410,45411,12037952,0.38,5748,945990006
256,256,64,0,on,11.1380,11.5946,0.9606,286491,85435,12159665,0.70,6187,942609051
256,256,64,1,off,11.2746,10.9740,1.0274,10649976,47487,12045769,0.39,9567,944412225
256,256,64,1,on,11.1424,10.9698,1.0157,275898,82689,12142523,0.68,6991,946908925
256,256,64,2,off,11.3236,11.1512,1.0155,10670995,47351,12041611,0.39,9347,946052506
256,256,64,2,on,11.4178,11.1456,1.0244,273368,89445,12144246,0.74,5996,947593401
256,256,64,3,off,11.2102,10.9970,1.0194,10654514,46201,12102133,0.38,10780,944497305
256,256,64,3,on,11.3832,11.0356,1.0315,282406,82957,12137993,0.68,5258,942011095
512,32,8,0,off,109.4912,110.2348,0.9933,50003713,1036757,96675163,1.07,128445,8119335897
512,32,8,0,on,108.5896,109.9144,0.9879,1352620,2298851,99623547,2.31,8595,8106855402
512,32,8,1,off,109.6500,112.8282,0.9718,89435004,1524478,170557847,0.89,135261,8192117590
512,32,8,1,on,108.6624,110.3660,0.9846,1792836,1662027,100048564,1.66,6114,8186435342
512,32,8,2,off,109.4718,111.4238,0.9825,89441511,1583907,174130339,0.91,140811,7996335211
512,32,8,2,on,108.3464,109.3532,0.9908,1919959,1293314,100173877,1.29,10867,7991524503
512,32,8,3,off,109.7286,183.6566,0.5975,49873354,19894642,96412101,20.64,117978,8111696154
512,32,8,3,on,108.6488,110.1108,0.9867,1350233,1291800,99190082,1.30,7976,8106485498
512,64,16,0,off,109.7908,110.1448,0.9968,49866081,1907261,97293469,1.96,124260,8074055705
512,64,16,0,on,109.0008,109.9114,0.9917,1332171,1307094,99703017,1.31,10479,8068833080
512,64,16,1,off,110.1290,111.0324,0.9919,89557953,1529192,170083255,0.90,125849,8147691857
512,64,16,1,on,108.9560,110.3900,0.9870,1840311,1194814,100726444,1.19,7750,8141094009
512,64,16,2,off,109.6872,110.3544,0.9940,89499381,885988,169975279,0.52,123253,7968757145
512,64,16,2,on,108.7158,109.4406,0.9934,1928526,1267078,100719994,1.26,10318,7963187012
512,64,16,3,off,109.7418,158.6924,0.6915,49848455,19116786,96167733,19.88,131609,8055249962
512,64,16,3,on,108.6490,109.8970,0.9886,1341984,2481159,100313380,2.47,11832,8068916564
512,128,32,0,off,109.8430,109.9414,0.9991,51076220,2080588,97540901,2.13,113415,7990945605
512,128,32,0,on,108.5652,109.7590,0.9891,1345689,1695651,99223709,1.71,9859,7985595659
512,128,32,1,off,109.8774,111.0510,0.9894,89509754,2411955,159628381,1.51,117615,8056792212
512,128,32,1,on,108.5656,110.2524,0.9847,12456026,2780357,154229275,1.80,9989,8045129944
512,128,32,2,off,109.8406,110.3698,0.9952,89528715,1941166,160059112,1.21,122424,7896673542
512,128,32,2,on,108.8004,109.4280,0.9943,11955664,1167666,153193968,0.76,8357,7893046356
512,128,32,3,off,109.6706,147.5650,0.7432,51120487,15444759,96844058,15.95,114096,8003691200
512,128,32,3,on,108.4464,118.0018,0.9190,1447049,5844265,111339861,5.25,13665,7982742858
512,256,64,0,off,109.4652,110.0346,0.9948,55328611,909050,96962981,0.94,119158,7824517024
512,256,64,0,on,108.5616,109.8132,0.9886,2780349,3031732,100980201,3.00,10898,7816153189
512,256,64,1,off,109.5688,110.9104,0.9879,89443493,1180614,138793262,0.85,137446,7863614312
512,256,64,1,on,108.6242,110.2486,0.9853,1750945,1712260,120126341,1.43,7007,7858469211
512,256,64,2,off,109.3760,110.2824,0.9918,89536835,1445285,139189981,1.04,129636,7762457829
512,256,64,2,on,108.6618,109.3420,0.9938,1740780,3042368,121960140,2.49,11950,7754996717
512,256,64,3,off,109.7102,135.2720,0.8110,54621075,6878046,106635581,6.45,121057,7827708260
512,256,64,3,on,108.8656,110.9408,0.9813,2701163,1516952,111684714,1.36,8146,7817851642
1024,32,8,0,off,964.0752,964.8208,0.9992,399670584,749036799,1490616811,50.25,1230724,64668995181
1024,32,8,0,on,954.5722,963.0034,0.9912,19881526,752975418,1499760920,50.21,52213,64666708366
1024,32,8,1,off,964.0602,972.7398,0.9911,724571763,748093110,2106881976,35.51,1315899,65316604903
1024,32,8,1,on,953.7268,959.3300,0.9942,27070114,750964824,1510015640,49.73,46544,65317183335
1024,32,8,2,off,964.6962,965.6746,0.9990,724489183,747790629,2125773950,35.18,1320660,63693555109
1024,32,8,2,on,954.3376,954.7538,0.9996,29659264,751240615,1521533255,49.37,42496,63704405897
1024,32,8,3,off,964.4110,1512.3450,0.6377,400046860,707608210,1167364845,60.62,1263497,64626003703
1024,32,8,3,on,953.9680,962.0840,0.9916,,,,n/a,,
1024,64,16,0,off,n/a,n/a,n/a,,,,n/a,,
1024,64,16,0,on,n/a,n/a,n/a,,,,n/a,,
1024,64,16,1,off,n/a,n/a,n/a,,,,n/a,,
